,A,B,C,D
2000-01-01,-1.6623337070901472,1.7543746415932018,2.2778541809023,-1.2220504343864012
2000-01-02,-3.1703279261274835,2.6405996729048367,3.2529501215137784,0.3256715133000285
2000-01-03,-4.905515616900304,3.1878605419487296,1.7209538329181118,-1.209722828232634
2000-01-04,-5.1091938002074695,3.717736594124175,2.365512307709186,0.3380217834306869
2000-01-05,-5.705883612289831,2.9903432462557484,1.962034673597272,0.35596870564787664
2000-01-06,-5.866768004749828,2.342381096273649,2.552775433719344,-2.0546820192594577
2000-01-07,-7.567873385486995,3.9830143895917134,2.7706380131859936,-3.684084472249247
2000-01-08,-6.534742813933607,2.351766905859104,4.424601449277163,-2.0959568389032173
2000-01-09,-6.9983132737347375,1.7310313450333044,4.196469931564333,-1.651383764730071
2000-01-10,-7.38039409261324,2.581734679146881,5.3979697305290975,-0.999296847699242
2000-01-11,-7.398352895259223,3.4415265761302605,4.351158403652339,-0.7150318761075372
2000-01-12,-7.874437825483352,3.9590883014454974,5.285471341988343,-1.6439485132012557
2000-01-13,-6.430719561541129,3.050676152218278,3.880440116929801,-2.506254810268407
2000-01-14,-5.888421115693468,2.111119977810325,2.8657357499220937,-1.2037849422303335
2000-01-15,-6.019060207195147,0.7339614321884187,4.730312898167805,-2.476102786011112
2000-01-16,-5.843981059153402,2.0911200542891963,4.3601878669764345,-2.3813510354812184
2000-01-17,-6.034388925260369,2.186542286409424,4.712502505093581,-2.531706656315231
2000-01-18,-6.662280595936765,0.7560453174461352,4.6652107429462815,-2.025141197755989
2000-01-19,-6.6755060830702995,0.5763433045767612,3.760148013676062,-1.818345798663712
2000-01-20,-7.248401109260671,0.7849121698628199,5.213804720072332,-0.3748834493231528
2000-01-21,-7.372413219758749,-1.4406591599594114,6.2746347300582075,0.1953624999838991
2000-01-22,-6.894397999276693,-1.224496005661634,5.421888543632723,-1.5338804262315335
2000-01-23,-7.408972283091072,-1.2378623229789298,4.7043520202469375,0.3751303354673111
2000-01-24,-7.5195503712240175,-2.1018777520913714,4.528048449724106,-0.21699509814974915
2000-01-25,-7.080343023155438,-3.4162031021455337,3.5701607582955104,-1.080767099539706
2000-01-26,-7.1172789231088425,-3.720950747358574,3.4612247169207686,-1.4843182190304465
2000-01-27,-7.331402228371984,-5.097735046788023,2.529967829269833,-2.2938233877327576
2000-01-28,-7.4145890652305795,-5.105055986626001,1.6802548044601582,-2.8581480916733963
2000-01-29,-8.252810618530356,-4.131491825195862,1.8989343653959088,-3.8718927458400882
2000-01-30,-9.155939536392873,-3.80104617705358,1.3496913254435516,-4.28408986288434
2000-01-31,-9.34921677516668,-4.596199807427461,3.464345763636368,-2.666872978070918
2000-02-01,-9.16705463108768,-4.584841660065226,4.699479416373972,-2.4886748448415603
2000-02-02,-8.987065529071998,-5.4165212611848865,4.341341976037657,-2.3855951032714517
2000-02-03,-6.959818983719512,-5.179564233939426,5.894361456861057,-1.6281570628559017
2000-02-04,-8.903179184094746,-6.0129332737399945,6.179898721727329,-3.881644484107616
2000-02-05,-10.34650987320077,-6.617601667244054,6.319050493605088,-4.701016872192003
2000-02-06,-9.61402025151944,-5.3697351815585055,6.866820305897845,-4.4604032920337415
2000-02-07,-8.95347296717865,-5.65589824167072,6.317726692220885,-4.3602604729617935
2000-02-08,-9.558119240993307,-6.471123661456053,5.086880814066972,-2.4357756753653184
2000-02-09,-9.868475690764855,-6.487147188087442,4.611497201360931,0.32996934160971136
2000-02-10,-7.913613153738193,-6.286517491005394,4.330122109119319,-0.9723875769973604
2000-02-11,-9.120444778386304,-4.835391562007237,4.0004099503479305,-1.7987591108827887
2000-02-12,-8.880922894259953,-3.8213218245875638,3.30950518090362,-1.3282203405880892
2000-02-13,-8.22311589524341,-3.2547393055712948,3.941497212046587,-3.0027075360966977
2000-02-14,-9.051055889299839,-3.045429077915411,3.6430640252143087,-2.651204592357625
2000-02-15,-9.00137583540285,-4.508123099584621,2.546922137831392,-3.4397737147344083
2000-02-16,-7.308170996161615,-4.010173428388302,3.243814848407967,-1.7175269621153362
2000-02-17,-7.206204036066935,-3.2231521849867235,4.094413696120993,-2.0240703543412417
2000-02-18,-9.790654951063646,-3.1955808754462214,4.5550453152659225,-2.6911927858082265
2000-02-19,-11.667091869419984,-3.4353232365368966,5.392456055476996,-2.1177660719577034
2000-02-20,-10.369512121161744,-2.7213919780218943,5.627664169156177,-3.055149852129808
2000-02-21,-10.816343361025265,-1.475003223708336,7.295986439655902,-2.647136546086559
2000-02-22,-10.579753154341251,-2.2931143573577084,7.049916367544022,-2.394264958233017
2000-02-23,-10.156468853773973,-2.9583753171523592,7.886078217237983,-1.9724587102464042
2000-02-24,-9.705383058419775,-2.0701904004481544,7.277840439224121,-2.960949889347752
2000-02-25,-5.644417356411504,-3.2730811641975937,8.126017904274475,-1.7609883125044916
2000-02-26,-7.097899855255085,-5.011721501656017,7.988581158192321,-0.8949354996130986
2000-02-27,-6.46881722405694,-4.429782806424141,7.267038837992567,-1.5462861110581456
2000-02-28,-5.354510749284018,-4.2541877463592686,5.688278890401231,-3.6167804680058815
2000-02-29,-4.043706685852939,-4.196616051039284,5.482095759464406,-2.8386256496927675
2000-03-01,-5.50968742491343,-3.7360994536742544,4.294267229109936,-4.4866295836965575
2000-03-02,-6.787537817097283,-4.348968406403925,3.774258199504044,-4.668262452142528
2000-03-03,-8.4387631209788,-6.708564475499027,2.7074552523912763,-4.850031059734812
2000-03-04,-9.943878708143604,-7.535429819546058,2.0282653309784946,-3.253225086186476
2000-03-05,-9.920177859250492,-7.691579205823662,2.5849704895056544,-3.543805083153292
2000-03-06,-9.011684034858714,-5.565091679203068,2.8993045186811903,-4.806182638202958
2000-03-07,-8.821003858165916,-4.697570691625884,2.9809666834346413,-5.086775773027405
2000-03-08,-8.273765975252525,-4.148158063288596,3.1316012625063503,-4.1399492691333535
2000-03-09,-8.941022827606023,-6.076030606287628,3.1668335053467214,-4.225570967507976
2000-03-10,-10.806914869417328,-5.4743396133105495,3.1657919964031644,-4.629223267778337
2000-03-11,-10.589498274139196,-5.0357436022407,3.5050093941563487,-5.785358704647917
2000-03-12,-10.298814238496627,-3.5605285968799585,3.0764200565576405,-7.016022114428012
2000-03-13,-8.391374164076984,-4.297620209160452,1.5313675427673543,-8.984772624652415
2000-03-14,-9.665830765812288,-3.795639221643064,0.8571805448223223,-10.548351951919457
2000-03-15,-8.963429438680881,-4.480392581442302,1.91451410746786,-10.272540181159297
2000-03-16,-8.753647507237348,-4.410935014735967,0.6647312615335776,-9.196095694198023
2000-03-17,-8.131274132505293,-3.6488325767822527,0.7555578363979495,-9.39923594871076
2000-03-18,-8.55769652320016,-1.9924868459561569,-0.7161791118530113,-10.920053204936073
2000-03-19,-6.7100391743750825,-0.8504641143969198,0.20049366356800505,-10.46811648339832
2000-03-20,-4.1855605784316925,-0.2329121188392768,-0.25069571578620403,-9.042108173752554
2000-03-21,-3.9700043079174336,-0.25246170864665496,0.2442960098028885,-7.8362079014100825
2000-03-22,-4.050304624886242,0.2134452506946991,0.04962470951919745,-9.534314740979854
2000-03-23,-5.190266723704421,0.6471124165222735,0.10966801813859126,-8.49423455603331
2000-03-24,-5.5965551741815975,3.5318284199482566,0.9604794461532878,-6.877079979351933
2000-03-25,-4.861185575977443,4.696915720022034,0.27586396488622544,-7.443512864054941
2000-03-26,-4.717687382797992,5.955063387153379,0.2020624732000392,-7.891564514363265
2000-03-27,-4.357636571983649,4.6559560681749526,0.033843640487684984,-7.759432998494196
2000-03-28,-5.2429440304176165,5.720484393138442,0.525983555498584,-7.775909738677535
2000-03-29,-5.390248131392712,5.5676884792068755,0.6596533786403114,-7.657040303687793
2000-03-30,-4.17971722553723,6.076990229114218,0.7172868474402947,-7.394419871814708
2000-03-31,-4.04500290320192,6.926404520132363,-0.17090304893054598,-7.675404804746117
2000-04-01,-3.3510900971109456,6.7450674920675,0.04547353121072087,-7.963290410808796
2000-04-02,-3.952032107934831,7.017087457127878,-0.09482081223148507,-8.176875913773728
2000-04-03,-4.413024614696541,6.9448172792121445,-1.4004509668119571,-7.481141402839698
2000-04-04,-3.4294668924183362,7.46694753021113,-1.5459941111446716,-7.631857900476552
2000-04-05,-1.6038359747770463,6.7766516115828885,-2.213262255973424,-7.334926326092429
2000-04-06,-2.2038290255694526,7.7602038892146625,-2.2070024174431557,-6.793747806511
2000-04-07,-3.6110532808895988,8.291419393713369,-2.2362696003712443,-7.399268943483576
2000-04-08,-2.2487441275389166,9.298467061499522,-2.555823698182522,-7.8585887483462225
2000-04-09,-3.3773057414050096,9.25699229125273,-3.1774812910661674,-9.87284559488473
2000-04-10,-2.943358927604956,9.34436289675634,-4.576508330469827,-10.225803352596573
2000-04-11,-4.108136355529473,9.980618798651047,-4.522444538714746,-10.302851035767798
2000-04-12,-3.3993909630211143,9.741948102748722,-5.400033434730131,-11.599261972286936
2000-04-13,-4.8720315978919215,10.018815071352552,-3.7016793414785183,-9.89103786556692
2000-04-14,-5.22148715525694,8.016189620099668,-3.37717208717812,-11.612378604789393
2000-04-15,-4.683243080238887,8.583711820965952,-2.1805855546586086,-11.127100541846001
2000-04-16,-3.1947224221155284,8.14250487025978,-2.711325091713343,-11.295985510480206
2000-04-17,-1.5096584584603152,8.876357425521082,-2.8519607837660166,-11.683342239582613
2000-04-18,-0.9664642487579688,9.125408280740636,-2.3021831348303223,-12.858277651616802
2000-04-19,-0.4239952097912911,7.463414705826316,-2.893959966982492,-13.030094185400493
2000-04-20,-1.123355238003445,7.498828794703753,-3.494779999651381,-14.082802404282921
2000-04-21,-1.895822014190468,8.083224353794332,-3.6017189743630094,-13.40656488181572
2000-04-22,-1.935115668145037,7.326290120075178,-2.5816675438930523,-13.083846262288475
2000-04-23,-1.6986601401984331,6.801885918093138,-2.968108109857965,-14.295438615493989
2000-04-24,-2.03116508619784,7.093657822862978,-3.4713862491939977,-13.100691347312967
2000-04-25,-2.9950700713733567,6.110348493597003,-3.737171129701065,-11.08092058634291
2000-04-26,-2.14541001797805,6.588833581958848,-4.760208914835184,-12.202541585820631
2000-04-27,-2.6952320968885983,5.905434952622888,-5.044964757846294,-12.20122220613982
2000-04-28,-4.097035143575232,4.699802357117504,-5.481281379050138,-13.113426746424867
2000-04-29,-5.6633710007208045,5.9605559913431625,-3.2757554028176985,-11.428030980620944
2000-04-30,-3.535357980241314,6.647290109427355,-2.941167689444102,-12.238566857612458
2000-05-01,-2.7023825582422725,7.816408516642845,-2.985294081811288,-11.916612102436632
2000-05-02,-2.7450606914332156,9.249005263608296,-3.5829586723874374,-12.708009344104884
2000-05-03,-2.314836791589283,10.000716701888113,-4.561937217862448,-14.03640008052512
2000-05-04,-1.7334179550712692,9.384670992949504,-5.509326914080575,-13.248810666309474
2000-05-05,-1.523428161974336,8.600022522456442,-3.1944277286049605,-14.29184278007261
2000-05-06,-1.9718603039731768,9.553547535237037,-4.1153910010305825,-13.576321600442492
2000-05-07,-1.8437518464153448,10.39017335728989,-4.0887098151644,-13.24096264865027
2000-05-08,-3.226946192772252,11.088056407962172,-3.623722174576333,-13.158091438993225
2000-05-09,-1.626971984802061,10.97251154835994,-4.001968145313154,-12.055042047838242
2000-05-10,-2.0960748493598027,9.017718640065203,-4.051397277486139,-11.014351526799674
2000-05-11,-3.3997420700309977,9.022972936841716,-1.5596004344019183,-10.554863417606198
2000-05-12,-5.177474443566318,10.369725360199768,-0.9542162035103678,-10.998136707960414
2000-05-13,-4.592447048394504,11.185451763241335,-2.7116514877564355,-14.052297587450445
2000-05-14,-4.053108434052661,10.838315966731916,-4.261582538544023,-13.182807583334613
2000-05-15,-6.081444823516687,9.850551794576065,-4.168020904407786,-13.896048292070985
2000-05-16,-4.9479464485780005,12.310125237040465,-2.7670997792417444,-14.662327080178096
2000-05-17,-4.595537326817156,12.081033460347411,-2.8186651592375327,-14.236797026135626
2000-05-18,-3.688071661538467,12.564943175541348,-2.534776807387096,-13.988118650463912
2000-05-19,-4.584768910783624,11.37978022122953,-1.598681051639652,-14.75805042891731
2000-05-20,-3.481012227849728,13.508937513572745,-1.78597424808157,-15.242287574340722
2000-05-21,-3.4329664571842997,11.90554910427319,-1.8775470323684809,-15.342343413474175
2000-05-22,-4.502470267305768,11.302860758952932,-2.7563878043156356,-15.59090091524688
2000-05-23,-4.379742444532304,9.511292482328752,-2.0912492830556983,-15.933202369971239
2000-05-24,-3.6805150802711033,10.053193887614938,-3.448351641003936,-15.063001142503348
2000-05-25,-5.970132521071156,11.015071258819894,-2.651229273166925,-17.592588910531646
2000-05-26,-4.974118045527512,11.528017693900807,-1.9614353323160079,-17.98098335651111
2000-05-27,-3.870147839322064,11.324946190282605,-1.9597428171645723,-17.516386674842575
2000-05-28,-3.4525404672302202,10.124570107200775,0.4652050780798669,-16.875810183395483
2000-05-29,-4.1094240418685954,11.202398366238043,1.3923822969744868,-15.96720340778683
2000-05-30,-4.1767026915659615,10.703230257486217,1.9576876848905136,-16.94283680324763
2000-05-31,-3.680359838062724,9.906980309937977,1.816153543972504,-16.90831768247975
2000-06-01,-3.154601127123687,9.997886523149717,2.5655540912929773,-16.554452435128837
2000-06-02,-0.952682726083486,9.364412826537157,3.0764292214022433,-17.017364119971074
2000-06-03,1.033786825247601,6.922074210808472,2.5306502260800348,-16.281684179251553
2000-06-04,1.182644124598097,5.971079968003548,3.7396452055537655,-16.28215586217986
2000-06-05,-0.06479607551632838,5.5948588079750685,5.444826573955399,-16.70174557816582
2000-06-06,0.7340042986999937,4.5580232842134345,4.848907422255858,-17.08754938896004
2000-06-07,0.24139775035741,3.615162872297341,4.717755004205651,-17.852077358199075
2000-06-08,0.7031229409579192,3.366335623123359,6.00270107825162,-17.432508948931087
2000-06-09,1.6188449720632971,2.5252683256324686,6.1616360331215025,-18.04618323864075
2000-06-10,1.160022457978386,3.4284942268520218,5.917802799997362,-16.847708213962242
2000-06-11,0.2524108860219241,3.7800317829760735,3.1225775688606467,-17.106777964401928
2000-06-12,1.3555224315611782,4.211036303008564,1.8928783279661865,-15.909750715323865
2000-06-13,-0.7652881014962161,4.351980867062038,1.8008943494856653,-17.58758265004376
2000-06-14,-1.6161952758408238,5.022376339463108,0.9786476964042436,-18.339600159671406
2000-06-15,-2.96547072344063,4.798501085493454,1.6594517411987877,-19.1579655165771
2000-06-16,-2.57746809712299,5.636700777384036,2.006467377385824,-19.581300403457718
2000-06-17,-3.6970909217523458,6.644400297460297,2.4836903317666064,-17.55418192866944
2000-06-18,-2.521983645457852,7.939665546975641,1.6052663899160424,-16.889730095832334
2000-06-19,-1.6387453021675802,7.062012308182855,0.7181502052860129,-17.548443147323297
2000-06-20,-0.7538975867751087,6.1999638670961525,1.3504252843912026,-17.26713260671051
2000-06-21,-0.3960945272322681,6.264740393624175,1.4974335115780188,-14.869116585871721
2000-06-22,-0.8942775151749192,7.225471359766011,-0.7292891520217772,-16.336548838090188
2000-06-23,-1.2196805572513911,6.696604254898353,0.21669982532813106,-17.052737734850982
2000-06-24,-0.3951457900111436,8.620812856653048,-1.2916805487805638,-17.276752277259025
2000-06-25,0.01703270028110121,6.6104635715392766,-1.2507955252135428,-18.145351116522587
2000-06-26,-0.6861837318266528,7.64517429104533,-0.5830540464650612,-19.50228867652573
2000-06-27,-1.6415502674163212,7.862913944038661,0.7649874217868476,-20.003671572125235
2000-06-28,-0.7977618997014307,7.454504577168811,-1.018853043003665,-21.228069224619404
2000-06-29,-3.3243098916028644,7.380478006473077,0.615214563299193,-22.199506993753324
2000-06-30,-3.1514823500225395,5.786003253792418,1.056544497461202,-21.46216990388844
2000-07-01,-5.559725385942969,7.165652484370892,-0.9818729793431572,-20.43351361012555
2000-07-02,-6.038573600235647,7.886242160198315,0.5394563243412052,-18.11476896752364
2000-07-03,-5.288018456278792,8.233510971824588,0.8581666250568304,-18.73955864164897
2000-07-04,-4.94511469753229,8.1657089759061,0.07105263488851232,-18.76672148580921
2000-07-05,-4.157859521151169,6.953147294817753,0.3512982147228441,-18.643810505450627
2000-07-06,-5.04466226064292,7.508704317120185,0.2629325660675577,-19.460241128126718
2000-07-07,-5.4044946386952,7.453563577898454,0.7667368758662509,-19.07410657982821
2000-07-08,-6.831917099784003,6.357926220740169,-0.08286241254464533,-17.54214361430134
2000-07-09,-5.844750905599924,5.5973402892914415,1.0792997379493359,-18.36602878351953
2000-07-10,-5.494695310022148,6.341222749332414,1.1482205806547892,-17.954102216763328
2000-07-11,-5.426283473399283,6.914924021491414,2.1892646730588234,-17.726492800902427
2000-07-12,-6.1668411940988435,8.39225340902885,1.609921141199874,-17.861884994968992
2000-07-13,-7.020739145581893,9.204029972816398,1.203048361529164,-18.945509901249615
2000-07-14,-8.061364816129744,9.506448568734935,0.8833966254368639,-18.867852189101
2000-07-15,-6.958613655638299,9.340604314969212,-1.2082706212469194,-20.677061870127467
2000-07-16,-6.51362488211024,7.859591991601667,-0.9851008462954476,-20.03329035225507
2000-07-17,-5.955132905736183,8.54580848855451,-1.4755905942830063,-19.506878365122095
2000-07-18,-6.371008144715258,8.202120752971497,-0.15322175110951508,-20.686040056616303
2000-07-19,-6.4146687521814485,8.431139860295978,1.1924849630892218,-21.047743104305106
2000-07-20,-6.093457343365093,9.495559163086718,0.8658196152209771,-21.306335928237363
2000-07-21,-6.896301133221469,10.355828889494344,1.7513256729858129,-22.67744133597732
2000-07-22,-7.8033402630198125,8.868150038220124,-0.8185662997677028,-21.13190445092889
2000-07-23,-6.4139152006322195,9.039792808487931,-2.8143313683662683,-22.89077987966425
2000-07-24,-8.27372946463673,9.301396237442649,-4.7980767749910616,-22.03758406921959
2000-07-25,-6.157450841308672,11.331634893154767,-4.788539261135271,-21.385775474650465
2000-07-26,-5.102350810034221,11.151271475966409,-5.4681582664511295,-22.1922213404904
2000-07-27,-6.756376262420452,12.114425589925885,-5.262341771253206,-20.79140945532568
2000-07-28,-5.7181371058068935,11.74034106498939,-3.558569574141827,-20.733481157039137
2000-07-29,-7.2806423926165715,12.205032978740453,-2.817252410307699,-20.131743560382887
2000-07-30,-7.1281961025971645,12.250249253962405,-2.7437101354348963,-20.143243844003504
2000-07-31,-6.344717983246097,12.343938113940325,-1.2771670670743631,-20.089757501951414
2000-08-01,-6.2674822442991065,10.904415444674866,-0.3456993837732447,-18.858225635243983
2000-08-02,-8.432222168600768,9.980914934240003,-1.209343358382371,-19.231640097548322
2000-08-03,-10.000813634894827,10.609115974891504,0.053029866355684296,-20.41353797913868
2000-08-04,-9.431369408712005,9.448024785352342,-0.4886652472660006,-20.63037924216844
2000-08-05,-9.237812256268931,10.094496488616713,1.2481969047208668,-19.630530484568947
2000-08-06,-8.165317853020419,10.031771717679538,1.7096673813264558,-19.493212335781696
2000-08-07,-7.613275359632647,9.289783839974973,1.8034003861112784,-19.707636012267095
2000-08-08,-6.645042781779864,8.544268805715957,1.1921335962021242,-19.236339624998976
2000-08-09,-5.602196212128357,8.390358276915215,1.8284936522973687,-20.213778862819048
2000-08-10,-6.557289620233088,8.364558269698009,0.2871739536198579,-20.72821466409802
2000-08-11,-8.12988486175213,8.141266154416005,-0.19092584418906827,-20.968193495095136
2000-08-12,-8.270330922606536,8.957447224022943,0.6889708625281488,-20.067607200288123
2000-08-13,-9.212860064763504,8.843075316144995,-0.3200105774580477,-19.58464817813399
2000-08-14,-8.046201940365131,10.09616182356148,-1.6479154830416427,-19.752551464705665
2000-08-15,-7.699029951182681,9.34613232528608,-1.8323125712780608,-20.960471390428513
2000-08-16,-5.674644054250067,9.322733204133613,-2.137289054027608,-22.222590418580822
2000-08-17,-5.070858315058952,10.628349619506553,-2.1765848173018916,-22.56778451458368
2000-08-18,-5.1066606257658815,9.703657845149227,-0.890746592842323,-23.28405959435819
2000-08-19,-5.151973112084757,9.04295622419221,1.1789606931749173,-24.09563872383601
2000-08-20,-3.454329097651782,9.033298254066628,0.5220256379089957,-25.64695851959878
2000-08-21,-3.752383279243515,9.16898851166551,1.7868672149407674,-24.20122680640289
2000-08-22,-5.597452579286965,11.847482139206484,2.8641431797051435,-23.32965706608192
2000-08-23,-6.809008708811746,10.915713977836651,2.59523508386839,-23.756451734506363
2000-08-24,-5.792927432531347,10.51895710228766,2.5684409627497744,-24.014296406803666
2000-08-25,-4.985489796214597,10.438871241150585,3.494033784144814,-24.280721763778768
2000-08-26,-3.722514325003608,8.427605012254656,3.5788661764245115,-24.52662255242857
2000-08-27,-5.633312185084478,7.825737469345462,2.270923288673875,-22.90126678624939
2000-08-28,-4.883340623613327,6.458547106307767,2.460703698455263,-23.986314292737717
2000-08-29,-4.7086705814118615,8.915753294394023,3.0246927674073216,-24.275379377569642
2000-08-30,-3.728927252172409,10.855374703624136,3.0066615384654463,-24.83109929252408
2000-08-31,-2.423315980210442,11.910635652331695,2.710709644253127,-24.01292960074723
2000-09-01,-2.2607047530018995,13.033048497997816,0.5265977697832414,-25.61380269995625
2000-09-02,-2.8419246161002136,11.92838494908969,1.8402598361666769,-25.86393954374873
2000-09-03,-6.102408850139081,12.858583900031938,1.8061596832932727,-27.103497869120602
2000-09-04,-6.286570606930393,12.955185476483402,3.4684762167975016,-28.212142998496386
2000-09-05,-5.366334268175707,12.63668002318912,3.449825392732328,-26.521873197817264
2000-09-06,-5.493400046598586,12.321577435090509,3.7318262971809815,-27.22895983965221
2000-09-07,-6.354184904676492,11.566178695185346,3.7626522644545,-26.777688327895554
2000-09-08,-5.034096285662031,11.8927978712656,3.5080668555130283,-27.079878743771786
2000-09-09,-5.180263471350858,11.989979444164078,4.03419105574868,-26.831562131795696
2000-09-10,-4.1432397632954325,12.156157008883872,4.509536913043144,-26.502731956296266
2000-09-11,-4.951701433689907,11.045756531105765,5.0419920624007615,-28.42822621849663
2000-09-12,-4.605246941760064,10.695319775027725,3.8882090618469216,-28.48141524094909
2000-09-13,-5.937493339827943,10.360979349556393,3.288131167619858,-28.67738984151093
2000-09-14,-7.750876184543826,8.074848683687685,1.157304509561678,-26.90968206879796
2000-09-15,-8.171223150712809,6.965673328627349,1.692261890015177,-26.23952225365839
2000-09-16,-7.867105552373201,5.35304833076444,2.462133236684878,-26.49900500041339
2000-09-17,-5.851315424444183,4.718303857996033,1.6462455563096792,-27.101010816919022
2000-09-18,-4.544389306764528,4.113167440857306,0.4727625772608393,-27.78996169978821
2000-09-19,-5.950931686490494,3.594886300537576,1.1402427918191105,-28.92291425085029
2000-09-20,-6.030628839848888,2.557179679470006,0.4946058457731461,-26.629057851321463
2000-09-21,-2.587949524411484,2.461716157561041,0.9078820996748878,-26.66758099815591
2000-09-22,-3.5960006620206126,1.4965562828521253,0.2107009251769012,-25.24968991368767
2000-09-23,-5.122252839723026,0.042796065155964236,0.22255693909144847,-26.0401117375282
2000-09-24,-4.9623245750257565,0.4863748066344362,0.3857293867033326,-27.70740007083216
2000-09-25,-5.022713940169443,-0.3441799597331031,0.6987234669678268,-28.800705242564828
2000-09-26,-4.097570300299316,-0.24051123503754074,-0.4703505029632555,-28.428511804074432
2000-09-27,-3.0658698021444577,1.7123645502862692,1.0849589797735375,-26.252694009437718
2000-09-28,-3.734952719790237,2.1646187626082094,-0.1558999864799746,-26.345877480129552
2000-09-29,-4.259980032011328,4.091664624792297,0.3924479740527849,-27.838232842494346
2000-09-30,-5.1256030069787535,4.679791472030796,-0.91775447597979,-26.765545685949892
2000-10-01,-5.004345845911809,5.7036138878343134,-1.848378857332702,-27.190758481537102
2000-10-02,-3.6068664722854815,4.606223905013644,-3.064719791612168,-27.854699139561358
2000-10-03,-4.489774612161883,4.391541513965096,-3.7471340183488677,-28.73292482491076
2000-10-04,-5.311732133456667,7.076188028682545,-4.156159631540639,-28.784735767556697
2000-10-05,-3.1317709452771183,7.962336425354388,-3.3868731442420787,-30.138612403433925
2000-10-06,-3.3578210846233234,8.01482948190111,-4.350540440563769,-31.18933298049455
2000-10-07,-2.6909883663267884,8.364342581911197,-4.598631267946216,-30.65967404021664
2000-10-08,-3.241554577562128,8.277779710072862,-6.7672275495769405,-29.556709386353802
2000-10-09,-4.02945797367361,8.425106732288942,-6.30311500082991,-29.378008947812877
2000-10-10,-3.858249188651405,6.817754211519223,-7.3523629817978655,-28.83974707714973
2000-10-11,-4.706621920834585,7.2062107861053235,-7.053911540394256,-29.07115427031932
2000-10-12,-5.436779453971449,7.303109631749972,-6.128071077305803,-27.850945703663502
2000-10-13,-5.9936910319524745,8.156882798357483,-6.54092594185516,-26.86781680970116
2000-10-14,-5.505966725575329,8.922999574804036,-7.0299813789458545,-28.836384727799157
2000-10-15,-5.266479103756415,7.599041198415367,-8.71111731297663,-26.859359450022325
2000-10-16,-5.0296898156175684,7.2455957193088665,-9.137271020216346,-25.298570328307576
2000-10-17,-4.530903750426761,5.6008416412978725,-9.462699962117654,-26.559771265877533
2000-10-18,-4.7830656427692455,4.955353699362107,-9.57992095033193,-25.63517295291869
2000-10-19,-4.957681048798184,4.938874315721423,-10.484050660224579,-25.5105630722482
2000-10-20,-5.652092458615067,6.979879258497451,-9.500502382837722,-26.22206738680017
2000-10-21,-5.7389957490951735,5.703912683369553,-8.653065125303533,-26.612607561467826
2000-10-22,-6.247016686285522,4.565076925660052,-7.937807652452466,-25.133708290812965
2000-10-23,-7.0156005624193085,5.4283173730278325,-9.430704490025759,-25.33878281775485
2000-10-24,-7.394393245710815,5.567672100948638,-9.604806142222412,-26.94280525755498
2000-10-25,-6.853155905126267,6.890432979675765,-9.187955443418305,-26.499556513030424
2000-10-26,-7.309791862694683,8.117711021598883,-9.54886925650677,-26.73014113910003
2000-10-27,-7.316274351669742,8.622134895948825,-12.008494390889915,-26.672871552263928
2000-10-28,-7.652572640290862,9.320467826101423,-11.003366056309105,-27.425737453325173
2000-10-29,-7.572234422681407,10.720161536812368,-10.444289677796199,-27.95915864071042
2000-10-30,-7.857080283521234,11.395129883788867,-11.172425758636102,-28.284558284149146
2000-10-31,-7.331689284220379,11.490915211589328,-10.362041937264811,-29.560305562727212
2000-11-01,-6.998354690563443,11.278801232862135,-10.09886494980291,-30.563683009278
2000-11-02,-5.14399359835388,10.157308945961075,-10.461649799671845,-30.397241797729286
2000-11-03,-5.268106976498635,9.518139542981356,-8.089387733293304,-31.30479213747155
2000-11-04,-3.2352203002624362,11.363767889149575,-7.879564119372518,-29.694637344489585
2000-11-05,-3.5845244683648625,11.762465049474368,-10.2122548760396,-29.062227183577104
2000-11-06,-2.751113611656002,11.651316639973233,-10.803804288439839,-28.67305598210893
2000-11-07,-2.5517176632178686,11.628131221501306,-10.191707143937508,-28.74498297285345
2000-11-08,-2.7846167030412823,12.721699700629275,-9.788302500389019,-28.754300271905517
2000-11-09,-1.809504983109918,11.029664202948286,-10.475011652196793,-28.435590911545802
2000-11-10,-4.103782938727928,8.196634414444484,-11.31575326706268,-28.5153808773062
2000-11-11,-4.988382580976867,7.6289992869701955,-10.764569727595122,-29.8629795719984
2000-11-12,-5.608041414010389,7.633695481276432,-9.363901898468539,-28.658236845616425
2000-11-13,-5.421736371939334,8.59837546878083,-8.53930627192987,-28.45777094997161
2000-11-14,-6.3772956715017415,9.52991471129732,-8.517324785211768,-28.07047668656105
2000-11-15,-4.950537252600757,9.338780211374518,-8.915025954439983,-27.39628462225265
2000-11-16,-4.208854582094611,11.861839788100884,-8.380711695949293,-28.210989097525115
2000-11-17,-3.7024709835308713,12.306922600890038,-7.303231121306827,-27.577469614539726
2000-11-18,-2.1052565996870607,11.331328284115402,-7.781081665200626,-26.64307589740959
2000-11-19,-2.567936926735294,12.286105932967924,-6.409802339317664,-26.81486233967287
2000-11-20,-3.9097664578315614,10.127352469321512,-6.035753781634803,-25.686398096805345
2000-11-21,-2.425105323612006,10.14905488002806,-4.944096036025226,-24.075729150833077
2000-11-22,-1.236000312949338,9.96971986883556,-5.890154278348183,-23.369890073728968
2000-11-23,-0.8823002424166866,9.3356890148696,-2.8691545894346637,-22.766199863460287
2000-11-24,-0.4265239740777503,9.561401632580912,-2.291801057218517,-23.10895468264549
2000-11-25,-2.1036877851189004,8.970520666272682,-0.04121126179537127,-22.330847440057997
2000-11-26,-2.3077199383752056,11.209290940951028,-0.3484174409470163,-23.14338907833023
2000-11-27,-1.2159322041352978,11.289260143413019,-0.554206705966223,-23.82673383683678
2000-11-28,0.23770136805000155,11.800424508007682,-0.24785626888754864,-22.3428240237559
2000-11-29,0.04829200933359548,11.672137481474204,-2.3086257797619267,-22.634274728801717
2000-11-30,0.4543083912796557,11.904617182354032,-0.39459042702795744,-23.637222879373628
2000-12-01,-0.4637849297799933,12.374703472802267,-2.8274469901653907,-25.27813537797011
2000-12-02,-0.3868207882162215,11.691695368343284,-3.4827747691459714,-24.8845447835633
2000-12-03,-0.5957265584933993,11.651720106335993,-3.8164533548011392,-23.08124547470478
2000-12-04,-2.08060582957249,11.459896512708216,-4.628184276813352,-24.328083345713683
2000-12-05,-2.9413734508516227,9.363990928157314,-3.848766567418653,-25.50893309043127
2000-12-06,-2.8711177416497438,8.820760588238782,-4.297939045997471,-25.89704603443517
2000-12-07,-1.5938384830588248,9.993272422872254,-5.308806038935057,-25.99184558009583
2000-12-08,-1.8559305030912725,10.323417887216953,-4.733119397397658,-24.25045676242259
2000-12-09,-2.5370425214694046,13.083278674939967,-4.68344113317934,-26.20518490109589
2000-12-10,-2.084514375233579,12.69547994133332,-5.5946757374270355,-25.95040914619133
2000-12-11,-2.674647119845348,14.122995035606067,-5.119696969906009,-24.64198192592245
2000-12-12,-3.8346778900149694,14.852562457794154,-4.299366242367948,-24.90854372241976
2000-12-13,-5.199435596916088,13.494361732581488,-5.9011147930288175,-26.93250488553863
2000-12-14,-5.8362054548354045,12.551125991560646,-5.919195740702447,-26.85799451634965
2000-12-15,-4.370022291644397,11.622691460725624,-6.607519417749585,-27.194187640202642
2000-12-16,-3.3027051719062315,11.322337933654847,-6.45989619678292,-26.064701293771392
2000-12-17,-1.6016674204208918,11.869458843262295,-6.469576284685596,-26.156628138845626
2000-12-18,-1.172106997096746,12.266393993784707,-4.915793958203159,-25.92100272213791
2000-12-19,-0.5068807043690527,12.815485859741266,-4.269132526095769,-26.837420621829704
2000-12-20,-1.7631448675685726,13.06512041335515,-5.050154625379333,-27.18739289895316
2000-12-21,-0.4818868714458495,13.168287869812973,-5.337529727299226,-26.953161671138183
2000-12-22,0.2818709223900285,12.814046518168741,-4.781327953395666,-26.06758695469749
2000-12-23,0.7580093558383751,11.919443720521194,-5.286067593370606,-26.780604638820954
2000-12-24,0.5923693891717998,12.040776401133206,-5.083337922012573,-25.880370736222
2000-12-25,1.1715542710018652,11.929154366688506,-6.7265529680309495,-27.125921283024038
2000-12-26,1.1272342805783049,12.102140971081338,-5.601954907552581,-28.39153654056825
2000-12-27,-0.7931011561655066,13.366369188124787,-5.203418388150936,-29.22590176737269
2000-12-28,-1.7742519900817595,12.206387643295596,-4.289201733002302,-28.89666885246952
2000-12-29,-0.5220770870603341,11.292526734244554,-4.477637514848304,-27.050270977855806
2000-12-30,-3.01869961580904,11.638798090550532,-5.012409219777116,-26.447113379303087
2000-12-31,-4.742516095537543,11.501609477887001,-5.787158494579607,-28.240820119515906
2001-01-01,-4.944652408139855,12.158792434833233,-5.243807339838847,-27.011011820239183
2001-01-02,-7.653170366728514,12.444461140398905,-5.101230065544238,-27.015892782200066
2001-01-03,-7.36738591030401,11.227986979587943,-3.628213854608077,-27.69301980584136
2001-01-04,-7.558513063497617,11.035359715794515,-4.9906841740354455,-29.06842254100987
2001-01-05,-8.296677518463131,10.642864096933359,-5.693253269899445,-28.32684127472628
2001-01-06,-7.471475687581285,11.535469027529473,-5.339821643070287,-29.197112806482306
2001-01-07,-8.329484411293745,11.902019140629935,-5.861048109217403,-28.26509914596166
2001-01-08,-9.715104542381097,13.50312406212782,-6.0360957797692025,-27.361238847711807
2001-01-09,-10.528671010218822,15.146101874922175,-7.281015069525829,-28.1924566666535
2001-01-10,-11.331802794263256,15.74572722677566,-7.318829429835732,-26.902823108661558
2001-01-11,-11.087399275634963,16.495080579465384,-7.510248784106902,-27.466014387017346
2001-01-12,-11.300603024225776,15.656129776748855,-7.75620079199112,-27.11664196875423
2001-01-13,-11.924003970412336,16.589513982024137,-9.625840399163463,-28.62436543497219
2001-01-14,-10.825948304500796,17.793194722412103,-8.310060834068201,-29.494975698174944
2001-01-15,-11.636867513417124,19.17197485979004,-6.166924102007479,-29.218226250811142
2001-01-16,-9.862733215783356,20.646257338298867,-6.108504057401253,-30.267843362501488
2001-01-17,-8.781786616620925,19.941147730172624,-7.214979308185298,-30.35317710951236
2001-01-18,-9.380148971015837,19.870952690005826,-8.208860624787695,-30.94069047643909
2001-01-19,-10.658329664904036,19.5525099778762,-8.971373574393365,-30.233627048701905
2001-01-20,-11.46387068911664,17.829738763361046,-8.620869886386327,-30.021313681551856
2001-01-21,-12.277705377177904,17.968304241678567,-7.749075572838591,-29.73483528025539
2001-01-22,-13.060122993016147,17.401825191727323,-7.254316858949973,-28.70232370372764
2001-01-23,-11.388970188143457,18.024099554733073,-7.1392111511053065,-29.67324594516603
2001-01-24,-10.576220883955347,15.467916182888205,-8.504629370871763,-29.75394813226519
2001-01-25,-11.698055752310689,14.420175616798833,-9.290980706778775,-27.58136011512824
2001-01-26,-9.579019636970747,14.231572737862447,-11.3252751038727,-25.956666772489623
2001-01-27,-9.435882924769032,16.465191352253395,-10.057766447024036,-24.094015106624866
2001-01-28,-9.335605717232564,16.093141910432347,-9.253709798986444,-23.61427231779965
2001-01-29,-8.580440679618228,17.640233952923158,-10.65616506248163,-23.34317210889227
2001-01-30,-5.887886018174564,18.283726177915696,-11.876711184700518,-23.543629964977235
2001-01-31,-5.774541705017388,18.122864034333624,-13.809278737994372,-24.569622191761656
2001-02-01,-3.984778720500105,18.939668214437766,-13.558463823933456,-25.14936147559063
2001-02-02,-4.465485548711363,18.612337484060728,-14.140803384676195,-25.097351840049487
2001-02-03,-5.508730945547974,19.953562656210067,-14.703328678161828,-24.77125955803585
2001-02-04,-7.8328487226064,21.440769378935986,-13.292342575665488,-23.594278965236807
2001-02-05,-8.377284926244556,22.042777019502505,-15.254833742240965,-22.1559372058708
2001-02-06,-8.570659228130305,24.04915217193961,-15.913382782396953,-23.116445240464373
2001-02-07,-7.861521060168622,25.41543354477409,-16.916974866246893,-23.55068977949276
2001-02-08,-7.5774281701042066,27.10005023214159,-17.639966242058886,-23.43305010310144
2001-02-09,-7.99477718813503,26.846698044959396,-17.51356591936197,-22.6332790489366
2001-02-10,-8.108172286049461,28.071786786944948,-17.500700303702107,-21.569920212733887
2001-02-11,-6.4847143521500055,27.807514498404625,-17.543110678835067,-22.51288333006066
2001-02-12,-4.629408172651302,26.988449390692573,-17.280284401930615,-21.79182250923763
2001-02-13,-6.860535161324419,25.79705515090925,-18.410865081224397,-22.14141050018705
2001-02-14,-8.0111045388668,24.99857093103123,-18.914239271355004,-22.15401606524153
2001-02-15,-7.960145358836706,24.30656095478437,-19.86176848469834,-21.658788426618887
2001-02-16,-7.307412174807035,24.92798173073699,-21.605281638131896,-22.17410580674449
2001-02-17,-8.209037460170906,24.647989505327892,-23.1539368382907,-21.83768976925732
2001-02-18,-7.987361513370235,22.80279871394948,-22.17997258769783,-21.56463690768698
2001-02-19,-7.338426665263437,21.802000378810078,-21.490567933059285,-22.57039645661984
2001-02-20,-6.710625666176338,20.953599023326724,-19.798756780808283,-23.41486548298621
2001-02-21,-7.064510579718761,22.413669943127285,-17.429041068876646,-22.698357017606877
2001-02-22,-7.957299621823799,24.302215085432497,-17.547332163718696,-22.13236742734232
2001-02-23,-7.714276757380793,23.875584407637078,-17.46673874515817,-23.568272248505487
2001-02-24,-7.115683141027793,24.13138712586327,-17.771555841666114,-23.821673365550485
2001-02-25,-8.0422448281111,25.627472095892035,-17.96347297137737,-22.89633711586121
2001-02-26,-9.321561761287182,25.63495562880008,-17.057559579946993,-23.203601606854892
2001-02-27,-9.519098677151216,25.73827092762885,-17.400597611974433,-22.421436952509236
2001-02-28,-9.832516081355344,28.43578144999257,-17.362974805066234,-22.740733642375144
2001-03-01,-9.287645082557649,26.834274700095843,-15.948197651369105,-25.099510207764965
2001-03-02,-8.165996065394234,26.36767584714313,-14.995289780926594,-24.22242255860826
2001-03-03,-8.050332026976768,24.24791334291648,-13.206417320263805,-22.492911333546356
2001-03-04,-9.090352310178355,24.295671052471484,-13.837772229897649,-21.037599461994414
2001-03-05,-9.812417786661484,23.625948783828143,-14.940871690031486,-20.13576972492805
2001-03-06,-9.02847807764588,23.51704528651361,-14.470878417836134,-19.964709782219824
2001-03-07,-9.106353233286557,23.139523315611548,-15.40616365168434,-18.984112267505
2001-03-08,-9.871009163133095,24.149363489136466,-15.301570831028554,-20.393428398297427
2001-03-09,-10.176897021644841,24.96504851444171,-15.834281116383092,-17.882714495269123
2001-03-10,-12.303821923036738,25.16210398967165,-16.160965662701745,-17.33075172269681
2001-03-11,-12.707935452526145,25.37513982390239,-15.898907389921696,-19.407226461966427
2001-03-12,-13.909069195269199,25.236987995507537,-14.979357195269749,-20.274707461530692
2001-03-13,-13.90439214079829,27.515429649519092,-15.44659363195469,-18.17552838914812
2001-03-14,-13.151820618324216,27.55598837151792,-16.763188809128778,-17.186023370321642
2001-03-15,-14.24584181215636,28.29451835522156,-17.450070485266366,-18.37143971554616
2001-03-16,-14.932141624526805,27.769322884763607,-18.207377250662933,-18.17388186297876
2001-03-17,-14.996871563843381,27.791030281470896,-19.522529396261405,-17.16468945907213
2001-03-18,-14.919741582504564,27.07285299266152,-19.72938389912442,-18.31918771016118
2001-03-19,-14.812897201213412,27.94386287314568,-21.54638202834269,-17.24019617509858
2001-03-20,-13.8721585877985,25.76295816994104,-20.234368560314948,-16.622068581421694
2001-03-21,-13.832909906437207,26.528423572701072,-21.802844049003628,-16.064447746996766
2001-03-22,-13.144635455610373,26.457652088641037,-22.763812491523428,-16.2166566459691
2001-03-23,-14.168019390223465,25.047801989569827,-24.53946433035005,-17.320806923744804
2001-03-24,-13.789219695842938,25.882610043803663,-25.248227905562267,-15.611114579607394
2001-03-25,-14.805574226263078,25.947383059454022,-27.05632471849184,-16.31202994454047
2001-03-26,-15.93833352576998,26.733150978369107,-26.762328826976127,-16.832581070637875
2001-03-27,-15.133099867086008,27.720003284358192,-25.773296707741622,-16.93486072292339
2001-03-28,-15.808125113136196,26.875163581277555,-24.253824113377327,-17.368075716403276
2001-03-29,-18.37965460596632,26.283122748523045,-22.9526533844382,-17.50526610654377
2001-03-30,-17.663873152861004,26.413018189507238,-22.73095420488149,-16.957877349982162
2001-03-31,-18.70663171887385,27.255327530896764,-22.982817419992177,-16.466390875348097
2001-04-01,-18.238516914856767,27.691836937665272,-23.963554557468978,-14.735058844794116
2001-04-02,-16.59110897771472,27.789678448613554,-24.36063100707972,-15.30107627823645
2001-04-03,-16.033557813878353,28.55351068461141,-25.40233209263361,-14.124469685833347
2001-04-04,-15.58876731509283,29.827972670735324,-26.13856208279253,-14.507884103789284
2001-04-05,-16.884585698493712,28.57380164285388,-25.35585824243474,-14.325889991927912
2001-04-06,-16.005819547603867,28.4044741877524,-25.98988265039433,-16.138031597924925
2001-04-07,-16.038517832416662,28.064776990331787,-26.349316927328648,-15.722188031804235
2001-04-08,-16.006021701146604,28.22342992586612,-26.52467902896493,-17.9791275414292
2001-04-09,-16.743819763755976,28.28363254669948,-27.10755823361255,-19.454511839631305
2001-04-10,-15.527765800437848,27.13737102721387,-28.65522060311277,-19.78533822311097
2001-04-11,-13.971055351857213,27.291102539800768,-25.86997976677275,-19.58319013742215
2001-04-12,-13.05414156601712,27.225121878057465,-25.75144844584924,-19.789422353655286
2001-04-13,-14.372290096368339,25.28826202807209,-26.049468449557143,-18.324022954080945
2001-04-14,-14.034175381105484,25.397456811770148,-25.344835326541013,-19.51388329716522
2001-04-15,-15.948408070800927,23.98475858185853,-25.603061424187022,-19.15543888295576
2001-04-16,-15.29393976122934,24.93452836869687,-26.724587945066837,-17.94507493411978
2001-04-17,-14.978622801598881,27.654305263173256,-24.694471830091558,-15.817372522550347
2001-04-18,-13.617722013895188,28.0542251335986,-23.957555053118448,-16.024667742879828
2001-04-19,-13.98238546782418,26.84538980461445,-24.037239296553405,-15.05009931919222
2001-04-20,-12.4010907023465,28.869061676155443,-23.859054083219533,-14.989965760741676
2001-04-21,-12.974992786009894,28.19310414630771,-22.61901151677364,-15.340057508432398
2001-04-22,-13.252210928131491,27.80167720744686,-19.679571839734045,-15.35712596751914
2001-04-23,-12.286952300957505,26.546949092634392,-19.597774200314905,-16.142310671459185
2001-04-24,-11.51582818728238,26.193545311210393,-19.667331143567964,-16.584614529480387
2001-04-25,-11.060218307024007,25.371568756918712,-19.465834971012114,-16.223430938939092
2001-04-26,-9.645495769802276,25.11127908651332,-18.462247466328108,-16.58723715184998
2001-04-27,-9.9661809203837,25.35953095459496,-19.119512459505238,-16.390256603830814
2001-04-28,-9.705563015236024,23.427364599218567,-19.637427952941845,-16.326749316915382
2001-04-29,-10.10410544515024,23.352605314721604,-16.92438666570859,-19.248573539219674
2001-04-30,-10.173727356104363,23.72728346734084,-16.280836846438252,-18.97182047088719
2001-05-01,-10.6093075387788,23.84984241008545,-16.41394263929044,-18.091564904677746
2001-05-02,-9.513691871646696,23.40881133765059,-16.703293502141765,-18.862784261828338
2001-05-03,-8.075343197859146,23.49690901642339,-18.90281850588375,-19.69313440153617
2001-05-04,-7.260022540140453,23.51848704188735,-19.338060696667963,-19.365730558497265
2001-05-05,-6.758723539135796,23.93382467415032,-19.887229918410608,-20.64830667947768
2001-05-06,-7.5755806700521795,24.81977265525963,-19.635267092579667,-22.289390344866966
2001-05-07,-7.668364411588876,25.960740970474202,-20.12721997828553,-22.856735213429197
2001-05-08,-9.055918188366528,25.230269070864104,-20.27345841255873,-22.092051260180625
2001-05-09,-10.181061176082522,25.550405803911254,-20.825011510427046,-24.32944413993997
2001-05-10,-9.456550159206458,25.672831331438154,-19.762386781733642,-24.74382000750893
2001-05-11,-8.683433722605614,26.58691918253841,-19.062912294766935,-24.485186764212518
2001-05-12,-9.387039071329923,25.229608036046336,-20.657621154644467,-24.57092806427643
2001-05-13,-9.183594903158552,25.17712416582985,-22.19915354852616,-25.289031364954308
2001-05-14,-10.458648818458242,23.28419909090452,-22.45210463289431,-25.130364800368074
2001-05-15,-9.335570113666833,24.51105347739318,-21.214680988875305,-25.52861589253138
2001-05-16,-9.704219247633826,24.685870332216826,-22.814992289970174,-25.293193482731727
2001-05-17,-9.704036468816188,25.23542255785663,-22.380895015538677,-24.702011437700786
2001-05-18,-10.435346175690182,25.030869221494022,-23.63947488980773,-24.337552742549605
2001-05-19,-10.394699733449462,25.29146099219821,-22.931902189254952,-23.0230776664532
2001-05-20,-10.265460686188039,25.273565063442692,-22.220693728441265,-21.57065514491063
2001-05-21,-11.165363914006708,26.046270661813608,-20.833910100768087,-22.367177859757394
2001-05-22,-10.75663523772916,27.91249881875948,-21.986105535840764,-20.32898213014643
2001-05-23,-8.288913260169585,28.01925113732207,-20.637624657322768,-18.13026293330343
2001-05-24,-9.437150973577095,26.176398693688288,-21.83832465316176,-17.444369669472326
2001-05-25,-10.18275087946839,26.30628225577715,-21.953311119260203,-17.038247234256627
2001-05-26,-11.212652448609932,24.97303777135193,-21.530872167115998,-17.15300822832285
2001-05-27,-10.750933810865893,25.915270974385642,-23.046936076703318,-16.17461876947346
2001-05-28,-9.291638091122612,26.58080957688923,-21.69804209121644,-17.218640757908062
2001-05-29,-9.802528300697183,25.232568633060268,-21.126358927374785,-15.678543830826928
2001-05-30,-10.295005912373274,25.38908398738832,-20.81134265309949,-14.79165572011682
2001-05-31,-9.233421599337387,25.754249469517717,-18.719827475538523,-16.50284002701463
2001-06-01,-9.402863391915279,27.491415293878585,-18.63308941624365,-18.1138552047542
2001-06-02,-8.776208469554422,26.853900025799952,-17.801671835788,-19.404873058620527
2001-06-03,-10.45923256654932,26.33137841809905,-18.7156681975302,-20.152161425839775
2001-06-04,-10.750549409929251,26.347052264429212,-18.65281452654517,-20.40262466900437
2001-06-05,-10.849422910895985,25.76330404554389,-20.01544606335971,-20.650234273366266
2001-06-06,-12.339757891542373,24.169861321307163,-19.276065762192786,-21.418397538340628
2001-06-07,-12.525904334889047,25.647282600136194,-18.978581532146254,-21.79527429869213
2001-06-08,-12.514304171498313,27.00117950383273,-18.821328237678234,-20.35008191039168
2001-06-09,-12.595261638592419,25.04890750768153,-18.583533748140976,-19.31777085469095
2001-06-10,-12.626727587172349,25.026246886097145,-20.03114349735934,-18.063225559958564
2001-06-11,-13.42763361535476,24.522699104950014,-18.77575886363301,-18.460530479854537
2001-06-12,-12.838956503364134,24.14872268539893,-19.50048917530489,-17.436871663353386
2001-06-13,-13.843473008932351,23.79096943369965,-19.21098083060512,-18.04219391632179
2001-06-14,-13.546486225434457,23.351640723527346,-19.535757994333466,-17.674704116692887
2001-06-15,-16.342505385390332,23.27225377685797,-18.74657574637434,-18.28133235025684
2001-06-16,-17.18038931703887,22.383690515938145,-18.11735500684832,-18.973351100890874
2001-06-17,-18.146792180573343,22.361283616199398,-18.915257524735296,-18.37036057618907
2001-06-18,-16.461814430939242,23.15030573834325,-18.563283030086588,-17.631337922640622
2001-06-19,-14.561356873361554,24.07123895074452,-17.32282336255849,-18.597136161251303
2001-06-20,-13.943202504672152,24.369549297231693,-15.937509483415706,-17.485370683856473
2001-06-21,-15.752231377034082,22.836966899856385,-15.559844345387097,-16.199633155229538
2001-06-22,-15.11609347721194,23.491635310193647,-14.643513270655644,-16.562886796507737
2001-06-23,-16.505218262757705,21.79662118720045,-15.075316499168146,-17.295056057973518
2001-06-24,-16.761277114399412,21.43514133113796,-16.273552722702107,-17.56132545986462
2001-06-25,-16.456576284329078,20.73219977781245,-16.71770179998758,-18.18699669202088
2001-06-26,-17.124440094359635,21.03652840684701,-16.51511449389043,-17.748056737327907
2001-06-27,-16.980962786126014,22.406993315959905,-17.619450415218058,-18.366131444613593
2001-06-28,-16.59675465337176,23.94922548218519,-16.834485065990588,-18.315464939436325
2001-06-29,-15.64910595240016,24.671865660068732,-16.67443423893841,-16.6663628289808
2001-06-30,-17.128466415709852,25.802913028873878,-17.590064672745754,-16.885237320361437
2001-07-01,-16.560644945597062,26.27183916799555,-17.096980051226982,-16.400335783022893
2001-07-02,-16.73761039647679,25.62821522667673,-18.183280913519727,-16.560100920282892
2001-07-03,-17.942958966341244,25.04808134758977,-18.959949908545333,-17.638923286543683
2001-07-04,-17.234884142079284,24.92386752575387,-18.805418949988784,-18.321717141563095
2001-07-05,-16.425393716229134,27.600997810519385,-20.371678714318225,-18.37129635213387
2001-07-06,-17.569235788938393,27.355488549193,-20.359048065912653,-16.91626974000904
2001-07-07,-18.886988844107112,28.362763044734503,-19.82245104150332,-18.2402875983058
2001-07-08,-18.25363206018041,27.632580346781698,-18.80807712255362,-16.701902586768757
2001-07-09,-17.34872747975517,27.224122748217034,-18.227741394048188,-16.23777653123527
2001-07-10,-18.322625204746245,26.625867039025874,-19.888222466143105,-17.734551425235274
2001-07-11,-16.161193565805377,27.02532670126184,-20.733029511602762,-17.019587377850133
2001-07-12,-15.966629648865327,26.783730539194003,-20.08619419610521,-17.003177442751802
2001-07-13,-14.664440267298446,27.49887787315378,-20.043771555805726,-17.994342597047453
2001-07-14,-14.47277402210573,27.472683532149755,-19.494820693943264,-19.19444774058336
2001-07-15,-14.410732382396596,26.795406507708424,-18.99691790780925,-19.370047115979315
2001-07-16,-12.989295049927179,25.545744494815704,-18.767728368591975,-21.22446025683404
2001-07-17,-12.150407439629133,26.389158954390645,-19.77745213636541,-20.429122712504803
2001-07-18,-11.837279362284553,27.02229987907785,-20.204656258938783,-19.646687571477226
2001-07-19,-11.821809666928976,25.74276137727964,-20.436791571092176,-18.83601231399097
2001-07-20,-13.774717462541295,26.428382898063173,-18.925172078895518,-19.620598502895586
2001-07-21,-14.587740435228564,26.07575391826611,-17.21173135502383,-18.340345479403343
2001-07-22,-11.460870929739206,26.45730454999166,-17.79574729865702,-18.69935163074029
2001-07-23,-11.469634751929677,29.16679290630164,-16.78531691134539,-19.933808123905767
2001-07-24,-10.107152029741313,31.269725672610324,-17.653929543784926,-19.09541736899552
2001-07-25,-11.274537618323233,30.982188598364147,-17.18200447613098,-18.89642386868065
2001-07-26,-11.063400152267864,29.95842767842077,-18.571968213824672,-19.021913739566113
2001-07-27,-12.950781162428198,30.67060097963085,-19.95667114221363,-18.127727549325144
2001-07-28,-12.925307179041589,31.14927884156558,-20.912828268024413,-18.051537915699736
2001-07-29,-13.85772772287771,30.637066575082336,-20.02632381115664,-20.286531294253408
2001-07-30,-13.835684195388064,29.74109532554971,-19.412500676778965,-17.763310865414127
2001-07-31,-14.047322123050392,29.99025661195888,-20.212256026875874,-17.3553635321359
2001-08-01,-14.045361157262173,28.7760197157159,-19.59723461736265,-16.350700820106887
2001-08-02,-12.623649411955302,26.903097442472035,-18.44693210724432,-17.016077853629984
2001-08-03,-13.989426126330555,26.243581629824604,-17.968402519532212,-18.043363103644285
2001-08-04,-14.499976989892485,26.65818786458715,-17.721547356306523,-17.705187066793314
2001-08-05,-13.932006631654966,24.104154504354412,-18.861385341856717,-17.01980830998414
2001-08-06,-15.150778128934641,23.231665984766284,-19.88389957311938,-17.564249344518643
2001-08-07,-14.799806201472693,22.202757428930134,-19.021705119733774,-16.288486884871062
2001-08-08,-15.725961358255873,21.825670787159577,-18.732510375332385,-15.379493328566266
2001-08-09,-14.842025901482938,21.811113603273373,-19.471633878166163,-14.255301662561257
2001-08-10,-14.838146527067172,21.456778538421162,-19.122440348378515,-14.840759206968453
2001-08-11,-15.023594438063176,23.83151559522838,-18.20943700476724,-16.119391455357466
2001-08-12,-15.13950998201242,23.89976759411715,-18.910911706930328,-14.49649439918603
2001-08-13,-16.93357407047128,23.710906382390114,-18.232656295804464,-16.467664753000335
2001-08-14,-17.452296443725764,23.77871499168879,-17.790568233697442,-16.000962714165972
2001-08-15,-15.893103881922169,24.44811310741066,-19.95521164793074,-14.715996078602483
2001-08-16,-15.16133724113045,24.006233213854518,-20.45286114861227,-14.010788142825305
2001-08-17,-16.320173558959667,24.506188685002176,-20.04606358094848,-13.575249997820587
2001-08-18,-16.125407156047327,25.065757519763523,-20.483055875850802,-14.151423772730801
2001-08-19,-15.819982929420686,24.98997330033461,-20.966713816906022,-14.322331331520038
2001-08-20,-15.479243661598804,27.03177908113055,-22.23766764036932,-13.503872855170753
2001-08-21,-14.958301011048725,28.190257649038585,-21.969145196238912,-14.2709218105301
2001-08-22,-14.022052879209864,26.87278603434764,-21.680338591736497,-15.137346912914838
2001-08-23,-14.662696357677907,26.356181971977357,-22.238450942192998,-12.958478316996734
2001-08-24,-14.797336349506288,24.902963680174576,-20.980247003350453,-13.751735428904373
2001-08-25,-14.066470004371855,24.68958013975333,-20.47808794819561,-12.047788110540893
2001-08-26,-13.229038457148945,23.815205274348262,-21.234689343942442,-11.33578377292985
2001-08-27,-12.549170927540633,22.81416461292421,-20.76831184787299,-12.55361849808315
2001-08-28,-13.727115671100538,22.65555879402864,-19.628698797970728,-13.671219465018186
2001-08-29,-12.416883626110911,22.02360404307,-19.252089191310546,-14.70233027621372
2001-08-30,-14.108451968789025,21.808466424682702,-18.701412948763405,-16.006607694153484
2001-08-31,-12.928405108759007,21.524622652266626,-18.258482900664273,-16.257260045936874
2001-09-01,-12.56881410320499,21.05093352439587,-16.362429288480467,-14.990349588515947
2001-09-02,-13.212381366847124,21.545266991206354,-15.75911108491034,-14.829478000852045
2001-09-03,-13.816256997608935,21.07510311376884,-15.927805392068,-16.04873995226711
2001-09-04,-13.351181770558622,22.68938356826867,-17.433615912208747,-16.230525687160483
2001-09-05,-13.443366843703814,24.07060503428155,-17.542229427253652,-15.135396219349715
2001-09-06,-12.541854471619967,27.029758519148718,-17.185500162147427,-16.5083752010085
2001-09-07,-11.817762038458117,26.140325388181072,-19.65356699707709,-16.51314830757811
2001-09-08,-12.691138543253102,26.1458557379357,-18.83982681960636,-15.766960269505685
2001-09-09,-12.953703498713448,24.311840265121425,-19.015237237610066,-17.405563058641945
2001-09-10,-10.8658539536518,22.822115118881587,-19.461020751339948,-17.710820783118827
2001-09-11,-10.255942924236985,24.14978639338646,-20.0654655168944,-17.105025249696688
2001-09-12,-9.673226477322503,24.59590635328273,-20.36633526278609,-18.642742189596763
2001-09-13,-10.13381083205623,24.52524184752623,-20.822775203718887,-17.212139493978995
2001-09-14,-11.217702120745402,24.312390681012825,-20.55833769349067,-17.612728300672806
2001-09-15,-11.807346952568775,23.25399176040165,-19.826188272085354,-18.96594456303906
2001-09-16,-11.991078793688018,22.109951919513975,-22.562950830475092,-19.034758520322683
2001-09-17,-14.361977691406976,22.340684360640363,-22.220000140804334,-20.124258146088927
2001-09-18,-14.135737696693484,22.61771598700045,-22.94157025737489,-19.19623678899481
2001-09-19,-13.802980705544849,22.85129803021951,-23.149887096020212,-20.426236488169067
2001-09-20,-12.390045432554288,23.352077205564452,-20.688053574585354,-18.13850622742921
2001-09-21,-12.346995394662109,25.36362926197836,-19.42028979747037,-17.721449097353613
2001-09-22,-11.79648583176498,25.691471955323237,-17.77203238372134,-18.413038779773085
2001-09-23,-12.063938824122895,27.655337308279876,-17.05465999292801,-18.10184637061465
2001-09-24,-10.524903421202993,29.15106943034596,-15.891596389017108,-17.795193865014124
2001-09-25,-11.217429806365596,30.599586439853464,-16.740789875236853,-18.048286269660963
2001-09-26,-9.896029682014193,29.226091903992014,-16.310518253647526,-18.186368954406035
2001-09-27,-7.365668837003857,28.30781040611853,-15.866010263916651,-17.859575067061407
2001-09-28,-5.915754089078482,25.98075658825392,-16.13273994489792,-17.108961403947088
2001-09-29,-5.289672148850569,25.188006349128408,-15.211130190643866,-16.441290066324857
2001-09-30,-7.818151162698582,24.466448606501107,-12.974774505408131,-16.708481045366927
2001-10-01,-7.260521841635069,25.008287614334375,-12.493977541939294,-15.27743241492433
2001-10-02,-8.191433593021777,25.816072938399078,-11.770805964538965,-17.064054648794762
2001-10-03,-6.945784500944077,24.399819547130388,-13.009074631477736,-16.935953769395038
2001-10-04,-6.360023276361061,24.87313559631152,-12.344370529355256,-18.422043109543434
2001-10-05,-7.585389235982825,22.803452851373955,-11.743243203660654,-17.81784706642044
2001-10-06,-7.564832677849119,22.298464740778293,-11.201319917139704,-17.817224818898524
2001-10-07,-8.354782960235129,22.244321202866296,-10.129472498406953,-18.321787570979897
2001-10-08,-7.925807935240173,22.46068500449357,-8.682160390706391,-16.539232990229333
2001-10-09,-7.0553486642639625,23.347822516783577,-8.149955786301478,-15.89377527279404
2001-10-10,-6.525821355329003,23.84105994293408,-7.0686680593091085,-16.320941185455304
2001-10-11,-5.101521978340688,22.88252533063446,-6.168088806945438,-15.499240781139967
2001-10-12,-4.715224906132198,23.861704207359306,-5.806517101026339,-14.923632940129865
2001-10-13,-4.060591728529984,24.934113642610733,-5.49719317324391,-15.379241130553007
2001-10-14,-3.5700223540713485,24.4326372276792,-4.760962295894852,-13.200058226813912
2001-10-15,-4.202278735857027,24.5524737797858,-4.592947781233929,-14.931860648258064
2001-10-16,-4.4843500689371,25.026460541166855,-3.617160992363037,-15.422082749503872
2001-10-17,-5.728392431393497,26.1426271386702,-2.727916669743421,-14.600354589515948
2001-10-18,-4.3465342939235985,27.49369160030725,-2.450441327787324,-13.765614183824784
2001-10-19,-5.504438755214314,27.817417810431863,-1.5947463706494385,-13.676361152183473
2001-10-20,-8.698061619669076,26.668533627201253,-1.7049633187401538,-14.435743900762231
2001-10-21,-9.27479264597843,25.63174332615121,-1.7309330014630568,-13.95484588576122
2001-10-22,-7.036612581894963,27.44857642860383,-2.516192603979966,-13.244598108801155
2001-10-23,-8.641208944943191,28.367527048191327,-3.5241652349480423,-13.29836891805798
2001-10-24,-9.187497657021163,27.91793487545003,-2.713648929383269,-13.504810605994244
2001-10-25,-8.190730263725076,28.35584034474029,-2.6317876057730487,-13.594602267424458
2001-10-26,-7.629573719969229,27.355709518305424,-2.17344650036876,-14.10827814319748
2001-10-27,-8.414966122013983,27.65625456813583,-1.1861896863164332,-14.527083490649641
2001-10-28,-6.0123972577360165,27.30126967433134,-1.9913329144032508,-12.338183231139865
2001-10-29,-5.6166827347926125,25.42826156297011,-1.8646612903464943,-12.165273077025747
2001-10-30,-6.3644218359182645,25.070464064939426,-2.5581867518928547,-13.305669924601252
2001-10-31,-4.97275528592465,24.40695204353584,-0.038541111410927975,-13.25633048868873
2001-11-01,-4.865466926107617,26.791681327564522,3.127289753373093,-12.720677829345384
2001-11-02,-6.0163342157623605,27.786621961882,1.7764075021026329,-13.813101057596548
2001-11-03,-7.063523810743518,27.04578078092869,1.6629549413284332,-13.84687678500411
2001-11-04,-6.2415011883661125,25.39484625461539,0.25685576588086256,-15.088562142788833
2001-11-05,-7.332791756598233,24.73550983951907,0.4632570396219321,-13.837090402686135
2001-11-06,-6.834688277851208,23.18138200814459,0.905395545796868,-14.02649762104984
2001-11-07,-8.0517702784946,22.933679888045337,0.9204999892429532,-13.363138143312216
2001-11-08,-6.486671299578191,24.593277503807553,1.630908512182664,-14.611923320750686
2001-11-09,-6.2811304834500366,24.21481813918103,2.034825031372243,-13.689532424895134
2001-11-10,-5.1163753063105375,24.654852967857828,3.1831189883368403,-14.054168540971114
2001-11-11,-6.159467136647304,24.32012039584348,3.2407394591761487,-14.316082971026187
2001-11-12,-5.354517540613203,23.7483901632988,2.2209055662693267,-14.14946630018098
2001-11-13,-4.3299695992884155,24.05277256737503,1.8840159855214482,-17.083699324583804
2001-11-14,-4.017121398422423,24.25912318916221,4.067813163068871,-16.602488085076498
2001-11-15,-4.482303193057247,24.943959005645343,3.453238055867413,-15.860809956430852
2001-11-16,-7.827439961884519,25.154945755805286,3.5611168743312245,-15.517982883102572
2001-11-17,-9.467215481251053,25.37194455149077,3.5554587528318566,-17.97000165744561
2001-11-18,-8.700269271074719,26.429517060330852,3.457526470599153,-17.85889456571247
2001-11-19,-7.987429931321946,26.15813180630106,3.0098622568213926,-16.832201791890586
2001-11-20,-8.324752096908691,27.629093547597428,4.334132929838618,-15.63479174245156
2001-11-21,-9.160192516893707,27.035829368334173,2.0548920086845825,-17.628925485597797
2001-11-22,-9.146133889333807,26.43458428077759,0.7485744707426916,-18.19122878910689
2001-11-23,-8.993551114731341,26.196505516102363,3.4598565548296576,-17.057061485718254
2001-11-24,-7.8975740935959875,27.089675524387413,4.054256762818846,-17.213179164871693
2001-11-25,-7.985368502634058,27.59236111850597,3.2480767438177995,-16.503637823381116
2001-11-26,-8.097809839910362,27.27531633992329,3.8528684690931967,-16.35595755952917
2001-11-27,-8.617972052568533,28.08979762042947,3.4762136524198883,-16.8145876354675
2001-11-28,-8.563902809425837,27.40602479086227,4.531318056455178,-17.76963431988714
2001-11-29,-8.599075876565138,28.64231068926355,4.809779993683984,-16.024936581978494
2001-11-30,-9.451380379267,29.82807357509889,4.9085761895962055,-16.451491390338184
2001-12-01,-8.69003388929512,30.609680619914776,3.8421094858776015,-16.821229119729992
2001-12-02,-9.633229064531818,31.235368056396407,3.7827604931913146,-16.627989830836306
2001-12-03,-9.947564946189114,31.549083014677272,3.1969237334158813,-18.460324592875818
2001-12-04,-11.909944696983962,33.711097954495386,4.4371241437918165,-18.30539854688187
2001-12-05,-13.02334055896368,31.95551200162446,5.191084793748591,-18.565759468584453
2001-12-06,-10.974599639596331,31.17732275568067,5.854259215638398,-19.374646126592808
2001-12-07,-11.432582323639936,32.131118969611,7.31138637592266,-20.25747102663945
2001-12-08,-13.38091895382495,33.353466676675765,7.772537258677418,-20.47095563129542
2001-12-09,-14.634173881498322,35.66866174958321,7.121913172103647,-20.727441943849584
2001-12-10,-14.932148218500044,35.19917153281489,6.252453631686696,-21.7252588034962
2001-12-11,-17.783186616213264,37.41894147603287,5.057671321796613,-21.812369681734648
2001-12-12,-16.118192924108975,38.23820512276098,5.414026341923895,-21.798566701175016
2001-12-13,-16.053838550754836,38.14080119654579,6.195890650977431,-23.253362225515513
2001-12-14,-16.453162612627615,38.09337072719737,5.655006892563809,-21.989818714962727
2001-12-15,-16.53521990848188,38.88645897524661,4.523726304944524,-22.79703068130372
2001-12-16,-16.548916026534386,38.852694377491524,3.9075142638407065,-22.731198560404106
2001-12-17,-17.888687547964434,39.51235763060666,2.2484430424635082,-22.455890817954828
2001-12-18,-19.621609302618264,41.0169535026732,1.8622626607617945,-21.206688239820853
2001-12-19,-19.59993774156553,42.09137514767573,2.309965610650344,-21.888667865174245
2001-12-20,-19.614309187606022,39.59847066912061,1.5482788610961895,-23.759967221506056
2001-12-21,-18.139115289527112,40.44215247319227,3.0813321160588623,-23.13949041273108
2001-12-22,-18.584714104949924,38.7716483830864,3.7237256919006825,-24.568886026860035
2001-12-23,-17.566016370236945,40.37311415068871,2.437871583567245,-22.8924104072758
2001-12-24,-17.064684012835098,41.39915231584342,3.4997658661376194,-23.0338083260368
2001-12-25,-18.112934605552038,42.22195732265653,3.4086551779902883,-23.650271145833248
2001-12-26,-19.31477380912929,42.99292039300931,3.9799395866202767,-23.50452781547929
2001-12-27,-19.177688513663885,41.862274001423906,2.317619052867939,-24.032734858044986
2001-12-28,-19.17247134078569,42.25239879125504,1.469905003092975,-22.764626372161693
2001-12-29,-19.253145741983573,42.91474168282939,1.6390765068677349,-21.21643417877889
2001-12-30,-19.7935048743555,42.790464655811576,-0.5869991257951326,-20.86739319678761
2001-12-31,-18.855373428324498,41.41550872638225,-0.0932921480072622,-22.023922497943808
2002-01-01,-17.081557020046493,40.995065246217386,-1.19048114854639,-22.89021347669238
2002-01-02,-16.728151957736973,41.839764877605695,-0.7123814764843884,-24.50860021084238
2002-01-03,-14.475145886315213,41.61754427152928,-1.4672770528304144,-25.086514481567864
2002-01-04,-15.606183486622234,40.21063933105674,-0.08546643202806714,-25.3279438428726
2002-01-05,-15.979656010285359,39.22751717478332,0.3235189175459995,-24.41778994089233
2002-01-06,-16.742132994785955,38.625227502379545,1.7286216200570217,-25.024332976662997
2002-01-07,-15.955507606372356,39.13756126762519,0.6766649571812341,-23.721501290210448
2002-01-08,-14.337645492284524,40.10955432095358,0.15271193925791005,-25.36704941647948
2002-01-09,-14.032960544225428,40.507158815463306,0.11224121773262212,-25.18299554573112
2002-01-10,-14.204276249979005,39.00884949151311,0.4607131966354232,-25.263754659706997
2002-01-11,-13.152539793842545,37.3694323048649,1.3959696562332171,-25.848146102106828
2002-01-12,-12.798025910180586,36.024282598069966,2.4349660436004337,-24.94787712152574
2002-01-13,-11.127070293351366,36.19446617450407,2.2341381028263387,-24.89366160589927
2002-01-14,-11.920655834389795,34.60648384876606,1.5757227378133076,-24.191903154586416
2002-01-15,-12.781696569322829,33.960394646148785,2.849887189785405,-24.223304182881023
2002-01-16,-12.13937264469851,34.94515563787915,-0.02092548288875662,-23.36001818837153
2002-01-17,-13.628122084681179,34.67427157407513,-1.0764034127874094,-21.446056289153567
2002-01-18,-14.306068517831855,33.94355767314878,0.5407778467105564,-21.074028414924715
2002-01-19,-13.911373722522844,35.688920360103936,1.1503946930338391,-20.392214445306067
2002-01-20,-17.055505929818267,37.431799193483954,1.5621329229384997,-20.63367472489187
2002-01-21,-17.508653001944737,35.796129923002205,1.2509712244789393,-20.360337684609288
2002-01-22,-17.160003984295848,36.1378992697948,4.018473806596968,-19.10649406412561
2002-01-23,-16.36020600207748,35.95048093328652,5.256029159591416,-19.1193469691246
2002-01-24,-16.939815230845465,36.70488230704435,4.01707478130011,-19.944800297399162
2002-01-25,-19.324274117763373,36.166019350809776,4.442689209685756,-20.788002933058305
2002-01-26,-20.610066968765366,36.515227780853905,5.603461120120329,-19.20431117823213
2002-01-27,-18.601327570633195,37.315767591739494,7.221079213196223,-18.45254895248732
2002-01-28,-19.814625822254648,38.69431126635126,8.76114957128955,-20.27473337067273
2002-01-29,-21.21062194405149,39.44879725180184,8.710918408302193,-20.025983764262786
2002-01-30,-22.092571764991533,40.959409552459675,9.784557424538804,-19.49401250640514
2002-01-31,-23.1541210123458,41.52262899248474,9.69908149419826,-19.94680540083802
2002-02-01,-23.27561763074781,41.88981358205615,7.976175522399662,-21.045057215766487
2002-02-02,-22.260576165922394,42.45218758895898,5.625595368366903,-22.243685482999147
2002-02-03,-20.26955253966133,43.21463575816421,5.93013481763364,-22.519359911591412
2002-02-04,-21.196563761751136,42.10908883769221,6.0748368749167225,-24.867027698801785
2002-02-05,-22.125649165870108,44.443347371332166,7.104598103593731,-24.86557349405707
2002-02-06,-22.31677411545651,45.13189265458458,6.056009447389259,-22.810745637694716
2002-02-07,-21.485201052653494,45.12215143554272,5.1851865515542634,-24.44809405437353
2002-02-08,-19.96678442207368,45.726678046513825,7.215094028407919,-25.58352401974328
2002-02-09,-19.890007081392078,47.98395555434652,7.738724418111747,-26.391105444589467
2002-02-10,-20.308017545686567,49.770484719537286,7.857296261494165,-27.413274360701045
2002-02-11,-19.587398442341808,50.12425623402228,7.780281954386048,-27.84536291119523
2002-02-12,-20.476027386275288,50.125211782673475,6.6219744431013225,-26.84891174271161
2002-02-13,-21.75025364399923,52.07740270793798,5.762563580218053,-24.74146179708395
2002-02-14,-21.306492022473734,52.79222883083997,7.104879065666237,-23.933931604729644
2002-02-15,-21.341889296631113,54.547852139480725,7.980187408631639,-22.69051536377405
2002-02-16,-21.914876303053106,56.46592965301178,7.0596831718168875,-20.028484067743012
2002-02-17,-23.185462723569074,55.2841946362759,8.993470342359283,-20.701690680341137
2002-02-18,-22.032153980104805,54.850910114984046,9.856522160784351,-21.017859677684232
2002-02-19,-19.965834881181227,54.29071529260541,8.593033738061003,-21.587887104445844
2002-02-20,-19.24223123318166,53.11881439344624,7.463301735705049,-21.217550817652565
2002-02-21,-19.846220229016968,54.502597277097856,7.473459204220616,-22.749559522918574
2002-02-22,-20.69625456415921,55.70490001996155,7.791352261456982,-22.395441916282614
2002-02-23,-21.212701141482274,54.59635622366818,6.3521881497682635,-22.82971426207665
2002-02-24,-20.43719565242379,56.199479763565655,6.669940908381381,-21.156354309427964
2002-02-25,-20.342479407076237,57.694252658668134,7.796552430254253,-21.894196762661014
2002-02-26,-20.75751341768644,57.23361168367667,8.719728302085178,-22.754708409358788
2002-02-27,-19.031513075819568,58.91182871869778,6.768016929057312,-24.792214463250588
2002-02-28,-19.95064501888756,59.03541849812103,7.533274044326085,-26.13222541334721
2002-03-01,-18.83158655840632,59.384473294549416,6.3440588710064185,-26.38772689308309
2002-03-02,-18.64622927045543,58.90141267007351,5.102051140526123,-26.542771551810517
2002-03-03,-19.38153848615648,59.28669162709512,5.889211700254879,-25.84899447167413
2002-03-04,-19.093338107746288,59.627935409962426,5.933194288002667,-26.88508941518689
2002-03-05,-18.027535734778887,59.316024035136536,6.584299163250427,-28.083213240562266
2002-03-06,-17.91683453037196,61.05738560576254,5.6572187220996,-27.313581914906568
2002-03-07,-17.014406584830695,61.643204643438644,6.6768463297611085,-25.92854018318408
2002-03-08,-17.990052467834765,60.66048606249674,5.766938382013991,-25.497737241304073
2002-03-09,-16.910402600266952,61.16897678873648,4.11866163899813,-25.303045051901325
2002-03-10,-17.56042607370622,61.08008774040146,3.4526641068098063,-26.190992704815717
2002-03-11,-17.609812070189875,60.57574642226111,5.514877961077113,-25.669912981588613
2002-03-12,-18.82441924321242,60.01001436782143,6.052224363894383,-25.888123386650328
2002-03-13,-18.6895446547532,58.670602081369495,4.878974132802323,-24.90424039286044
2002-03-14,-18.859535469138592,58.96246650445405,3.4028125744440314,-24.965485701866303
2002-03-15,-18.895884882667747,58.99063310056646,6.094926712093992,-23.845737452582192
2002-03-16,-21.225086628521105,59.26619551123975,7.529165437459898,-22.99060724284192
2002-03-17,-23.76491425038939,57.44052896143192,8.408526920908841,-24.47203104993578
2002-03-18,-24.38010993920761,57.657995258375024,10.319819141936332,-25.80282319243618
2002-03-19,-25.808047338547425,55.314698297111256,9.860666584256434,-26.39653397754678
2002-03-20,-25.985435566214967,54.477639084464855,9.502645492751364,-26.484824103255878
2002-03-21,-26.009019464712683,54.95192473750426,9.015459634628154,-27.456235186789478
2002-03-22,-25.16666049519248,54.384256934131386,8.463840339450071,-26.017449168092433
2002-03-23,-25.47337246877436,53.173520070351756,8.272794614422919,-28.44632947676845
2002-03-24,-25.00077822112941,51.902501657024146,7.771665242755839,-26.79788566389861
2002-03-25,-24.85432156681777,51.89527435129941,7.006039143986057,-27.41136284152939
2002-03-26,-24.41632860296733,51.7389955844415,6.600748936672827,-26.588994234642428
2002-03-27,-24.46059233700453,50.00855068404565,7.65405392925414,-26.09146324231795
2002-03-28,-25.121672853208857,49.00311087696638,7.800158758760884,-25.265850636015482
2002-03-29,-23.49522718364444,49.987013762668255,8.659116890753031,-24.988211761160997
2002-03-30,-23.906299528175435,48.85261476359829,6.806542218661509,-24.60314981596963
2002-03-31,-26.309110931636468,50.1474589407837,7.006132254615352,-25.13231678039661
2002-04-01,-26.01048712235255,51.07397179877813,7.724848014525665,-25.38504078837677
2002-04-02,-25.41267281553707,50.24142412672495,9.016366752023924,-25.28785438360711
2002-04-03,-24.42866502795972,49.094605924339895,9.295483316435009,-26.068317878438805
2002-04-04,-24.14513735876832,50.16302129703258,10.029273412488164,-25.76158248612068
2002-04-05,-23.520371502245172,48.52832503432157,9.425964378401355,-25.464420573300675
2002-04-06,-24.51350385323203,49.29141973936268,8.901965366562438,-25.89490641721456
2002-04-07,-24.30038128285179,48.97364644426061,8.236905764988784,-25.676160052158213
2002-04-08,-24.064970816961363,48.89796109398056,7.954304942086276,-23.185827947499213
2002-04-09,-25.16511836419554,49.34882859783173,9.665232244970444,-22.86905941876421
2002-04-10,-24.59604468651986,50.590857470956536,9.538618073482263,-23.46899504177024
2002-04-11,-25.21626053474189,50.37401399384615,9.106140494405402,-23.64451017481427
2002-04-12,-24.756992385746933,50.84129831700078,7.217391026642886,-21.852427692110595
2002-04-13,-22.994516807948,50.96460762762005,6.746903035459758,-20.961517524288002
2002-04-14,-20.96677660415645,49.40252555850438,7.885823884326483,-21.90476858259175
2002-04-15,-20.34994057530565,49.129644541438076,4.443581725285799,-22.606069639651704
2002-04-16,-20.718568644100188,50.33311336697496,3.367137513512755,-22.495828296330913
2002-04-17,-21.082651092704577,50.97750817994257,2.1145208051104016,-23.16526587689545
2002-04-18,-20.413665332965657,48.88886540664291,0.2088784977817819,-22.54538780771211
2002-04-19,-20.56249589665325,50.05730179705243,1.092832238790252,-22.66672077106645
2002-04-20,-20.362061623552748,50.991860368470896,1.8834959195959755,-21.13045940578505
2002-04-21,-19.274478763237028,50.836366320381536,2.6960833473958816,-23.102750322316545
2002-04-22,-19.32973902575264,49.82954130180286,1.7930767627722233,-24.11966282535298
2002-04-23,-18.19674499986983,49.86115758099474,1.2681756176480143,-24.45644779175457
2002-04-24,-19.474760573759326,52.73066206295412,1.1752598368999445,-22.782631596392907
2002-04-25,-19.52086341236302,53.60379964427013,-0.4846531024239813,-24.222558068854926
2002-04-26,-18.811362738582133,54.91257208127114,1.3222858441405754,-24.392045517584236
2002-04-27,-18.162718512981343,55.26490147692537,0.8482942122223178,-25.16180979098525
2002-04-28,-18.629498477745866,54.6979327721093,-0.6499955128687154,-25.12471281838597
2002-04-29,-18.385437631357426,53.729233354708796,-0.0690933559701924,-25.126460348010678
2002-04-30,-17.707706235813372,53.61843849458662,-1.3413098248809612,-26.11161103305316
2002-05-01,-17.499413796884035,54.43938707747058,-1.4230695042804191,-26.82809965669656
2002-05-02,-19.013141747956244,53.950796248234994,0.18670798420331305,-27.462971925436744
2002-05-03,-19.303303623775754,53.73473454610063,1.4215651765699688,-27.24281222320771
2002-05-04,-19.046704043308946,54.70443288470656,1.749032111589662,-28.24141139111982
2002-05-05,-20.432970671637843,55.86720563112063,2.5791317023341556,-28.91467449407961
2002-05-06,-20.14330542005481,53.79635656525939,1.6480233287709911,-28.871749452093137
2002-05-07,-22.113503072501704,54.277921410416404,1.5727116084738717,-29.136399818097644
2002-05-08,-21.79679094297267,54.575075861201974,1.84701244481648,-28.419127925072388
2002-05-09,-22.299358778361654,57.64853513673501,0.9159101145166582,-28.584245744544038
2002-05-10,-22.52287916110963,58.098956652027205,1.5850408101368303,-29.08855597541043
2002-05-11,-23.13991302914073,58.428831323465566,1.0772940139270657,-29.07838098009625
2002-05-12,-21.28147382333404,57.4662175753365,1.561001525552434,-28.172447724904284
2002-05-13,-21.23697035774049,57.16909350230353,1.2157561272294828,-26.95562700887113
2002-05-14,-21.0082960309662,56.14127684406658,2.836138306579284,-26.54691478108148
2002-05-15,-20.890699412955154,54.97518404092239,1.8467790213105115,-26.829517479573465
2002-05-16,-21.401654113437775,55.05891534801454,0.5669075414388973,-25.37196526188738
2002-05-17,-19.559940523951433,54.62319287291962,2.6823234208229803,-26.35501004045923
2002-05-18,-19.381588399150672,53.943447293775044,4.471465924504139,-25.52351651828873
2002-05-19,-20.04460710882627,52.99962701686866,3.8367552811500514,-24.67011025083047
2002-05-20,-20.12895273002868,54.52244831767354,3.6568174470336317,-24.25176253074049
2002-05-21,-20.13267461855237,55.03573183512274,5.818911945945473,-23.58098863543141
2002-05-22,-19.043364985062993,55.195519076038075,6.165585481957555,-23.21162025316532
2002-05-23,-18.901803993235113,53.58598401967202,6.85055431044129,-21.83895428309365
2002-05-24,-19.00596288025098,54.60602821314434,6.739486849811662,-21.59524939865057
2002-05-25,-20.182568814680085,55.354028775019714,5.227755745180729,-22.060734529715706
2002-05-26,-19.60078091637254,53.467563293050326,4.780234966299277,-21.74796607530229
2002-05-27,-18.90169701188366,54.30427144312071,5.0770319267618405,-21.989067427728166
2002-05-28,-18.989201566121352,54.142860944585905,6.220640867542215,-23.066694823424697
2002-05-29,-18.238566122403377,53.552060131296656,6.599344590060031,-23.06727208391933
2002-05-30,-18.724264770217427,52.60816946311388,6.619293615447727,-22.333159701898843
2002-05-31,-16.920908411491506,52.33192685645607,7.544962849585207,-22.502162559636588
2002-06-01,-17.646657339280313,52.668919832125894,7.580012949256879,-20.644238724185183
2002-06-02,-15.634551479184987,52.84646326877282,7.3455782199894415,-20.686445803334294
2002-06-03,-16.103621719625096,52.81855821818378,7.101129886656379,-21.619623258240267
2002-06-04,-17.089722222418562,52.92913360054306,9.27225318278053,-23.289628762005893
2002-06-05,-18.684373177249864,54.8824535577859,8.471327751490753,-22.478828094954423
2002-06-06,-17.578509948344845,55.109998996808656,6.955650677388277,-21.30459131163726
2002-06-07,-18.063932933382283,54.78918183966009,6.911824755091829,-21.01624848686105
2002-06-08,-18.933128192004254,54.89344440366821,6.2729001391256825,-21.02044755448312
2002-06-09,-18.92585593553117,56.459899827052034,5.95352980921408,-22.080225183561183
2002-06-10,-19.526080929528085,57.43593835452259,6.8064503900656295,-21.818499277749986
2002-06-11,-17.37826072497215,57.70500679237213,6.420066317217997,-21.182566973198774
2002-06-12,-15.963762742743235,59.54495075502759,5.808808632353273,-23.155897425501326
2002-06-13,-16.312490175521773,60.42489908342578,5.879664117968918,-22.64901524766623
2002-06-14,-15.69930126435083,58.661742353172684,5.7931746507317925,-23.08633497772201
2002-06-15,-15.021682731563509,57.60071575884476,6.1920743208051885,-21.982624809017945
2002-06-16,-15.843889204734944,57.267712238831045,5.649894888078491,-20.581257207498684
2002-06-17,-15.522594285594465,56.002205859550656,6.735281856831483,-18.877520678333518
2002-06-18,-15.019248365448474,56.42903867641896,8.136365171980513,-18.642812802660387
2002-06-19,-15.435173752808387,55.915849357168256,9.098276778443877,-19.277050384574185
2002-06-20,-15.193334257805448,53.430344117374545,9.907541394044069,-20.224764574369267
2002-06-21,-14.83272844950031,54.443003371482746,8.606576423526166,-20.350948860745927
2002-06-22,-15.245394809403212,54.40864848911443,9.924083310146367,-19.30069072908698
2002-06-23,-15.025673104850998,54.13803209450757,10.030129667180637,-20.14181014363397
2002-06-24,-15.231837479263895,54.97489239614578,10.815626576762742,-20.77672079204917
2002-06-25,-14.546234263038723,56.29846234080676,10.627989871446463,-19.664995304312466
2002-06-26,-14.499647135916279,56.99902100601629,10.839340284681793,-18.933097777980922
2002-06-27,-15.613871725873807,57.44071096481061,12.759782884854742,-18.998533775622608
2002-06-28,-15.261091934931974,57.78195188936076,12.163379673717847,-18.04725551685587
2002-06-29,-15.036110074910965,57.24761906061,12.71352728341438,-17.550151111523633
2002-06-30,-15.942809218037429,57.688014493668135,11.98218326503899,-16.3090039751929
2002-07-01,-15.550052898883743,58.46636657574429,12.123010406602091,-17.367135401406145
2002-07-02,-15.098608391023607,58.807752570017385,10.984076993220976,-17.36026597514783
2002-07-03,-16.368638722181597,59.15520417636002,10.500794461764443,-15.695798723565796
2002-07-04,-14.687357673879928,59.77184235361796,10.996309775895707,-14.925564290080054
2002-07-05,-14.90656987750566,62.108050524930974,11.202709424489198,-14.544658374924238
2002-07-06,-16.267315963912413,62.563779701677205,11.630584957450528,-15.439199588628485
2002-07-07,-15.984998375546732,62.47656023165607,12.666219282029061,-14.311112894238653
2002-07-08,-14.881669038397092,62.43661377237014,13.924239556015374,-14.398452972190327
2002-07-09,-15.04124611210048,64.29109535304946,12.563277486089635,-15.28727287193358
2002-07-10,-14.579807343162887,64.84039695949636,14.101688688187025,-15.353578331611347
2002-07-11,-13.484076716121528,65.12436942794619,13.635740622714696,-14.785302977448154
2002-07-12,-14.850470871566177,64.53346992816114,14.167147156485212,-14.433456567173176
2002-07-13,-14.70347109916331,65.27951165224589,12.873526598771365,-14.662183419813795
2002-07-14,-13.682588007715967,65.49573312641597,12.756345313203473,-15.336856208793831
2002-07-15,-13.0251070566073,65.64787137970005,11.909658113139338,-15.002064686904108
2002-07-16,-13.606892885823145,65.76629601813177,12.46357491249408,-13.882408476106491
2002-07-17,-15.381099228669989,65.86220891785784,13.67399950289489,-14.325990370588913
2002-07-18,-15.057587437412806,65.37091909111585,14.212299449801336,-14.343400146346935
2002-07-19,-16.97465604033554,65.80913267202068,12.997687621692352,-14.17753542301113
2002-07-20,-17.479990788634755,66.493694252851,12.595244902926938,-15.049400893406196
2002-07-21,-17.438875298542293,66.00210284861397,11.904791151400838,-13.881869284471787
2002-07-22,-17.404686058552283,66.46609915798444,12.211331283700886,-13.851752991551221
2002-07-23,-16.34408328324529,67.6078813771899,11.84653628465157,-15.845801996326573
2002-07-24,-16.547624547611168,69.68341129444265,14.129835307080839,-16.10420993748869
2002-07-25,-16.559395736843687,69.218757452321,12.99052035310523,-14.728019453155088
2002-07-26,-16.81998442268382,68.90953029606699,13.222461886773775,-17.297028425202278
2002-07-27,-16.481115954412733,68.3218613673567,13.743995782396386,-17.41713113432707
2002-07-28,-16.56585315046267,67.3262672919453,14.423314935413005,-17.049727675391562
2002-07-29,-17.67988146149502,67.42658653259943,12.386779445148926,-16.570940072598752
2002-07-30,-17.170675057201063,66.19823722358969,12.39229138661114,-16.360610183585866
2002-07-31,-16.794575053268716,66.66266580261272,12.234498085208587,-17.565252639248808
2002-08-01,-16.42210142861119,67.35092561188279,12.550240774245653,-17.65298084232688
2002-08-02,-15.653824893076706,67.95323496626993,12.181347856382782,-16.48712489130306
2002-08-03,-15.964937261392446,67.43147587660337,13.190206045566132,-16.07108977317457
2002-08-04,-15.380487710903212,66.99619811037397,12.60477923334872,-16.65784196690814
2002-08-05,-14.38935211034423,66.9187361515236,13.3376580624976,-16.80956124042274
2002-08-06,-15.1910700181756,66.78998052766664,14.250938520953893,-16.831187719648877
2002-08-07,-14.545173573453352,66.09100369485198,12.16408432605336,-18.423957297462767
2002-08-08,-14.050077912943273,65.45444718798677,11.922510316891445,-16.861148189443245
2002-08-09,-14.892395387808785,64.24947212057468,10.66240904675889,-17.25645790442216
2002-08-10,-14.02891456959333,65.72523783443839,10.944313170670302,-18.84394806174446
2002-08-11,-12.575869663563964,65.98431714282076,10.753898948264144,-18.84306404949259
2002-08-12,-11.561351809618685,65.72542620337674,10.479934413776377,-18.638500648559802
2002-08-13,-10.174367188374324,65.63981299886541,10.78892044616117,-18.796672286423657
2002-08-14,-9.283533886702582,65.04839551387543,11.100919436500638,-18.43064939884514
2002-08-15,-8.428693103004763,66.04891896394986,10.536705870127738,-19.70905742921601
2002-08-16,-8.397029526436192,65.40133308284592,10.529318960176852,-20.50105567471288
2002-08-17,-8.633288190125228,66.73417403750922,10.707024201599415,-21.892693713414715
2002-08-18,-6.649292809570202,66.99124270275732,9.126731588363596,-21.265686738947366
2002-08-19,-6.770612538918206,65.17389355963306,8.545418139410437,-21.358531357026642
2002-08-20,-7.368742336535139,64.58987544869214,10.575993322686957,-21.26909845634545
2002-08-21,-7.914361921887343,63.171892664627286,10.029635590088077,-20.99750872611516
2002-08-22,-7.367546575169247,63.13117669371671,8.404803327940746,-21.761816009184187
2002-08-23,-9.62293916474956,64.45307530568658,8.83379347504703,-21.834643237808237
2002-08-24,-11.155637248568974,63.72084886060314,8.927360188001497,-22.67272600680325
2002-08-25,-9.844817510151083,64.034017468659,7.767093409049048,-22.296350977186496
2002-08-26,-10.806297321454231,63.473718064011685,8.841218927166167,-21.544728867049905
2002-08-27,-11.72694524240926,63.54373794206249,8.957308731055841,-20.695633057592346
2002-08-28,-13.043482308457627,63.32099584557873,7.395862493493809,-20.957146857566613
2002-08-29,-13.682218816835787,63.20020394414001,7.904729526270236,-20.69010402557621
2002-08-30,-12.920235718669607,62.72774329229686,8.795052352683925,-21.18516835342021
2002-08-31,-14.511996284723782,63.29104274254714,10.329268657715009,-22.4376268715817
2002-09-01,-13.37747891627516,64.12187459322821,11.764380173481555,-20.716116973635614
2002-09-02,-10.690146072363627,64.55663414992279,13.812890403079312,-22.481414558882577
2002-09-03,-10.683750409223483,65.79651587464569,16.218401133932108,-23.156206616301308
2002-09-04,-9.856309673388415,65.88457695129003,14.588351693389336,-23.689077869311838
2002-09-05,-11.198979767071233,64.91235288175322,14.829386425998207,-24.3616439022398
2002-09-06,-11.038620335067236,64.67075238895274,13.804502952029884,-23.97819824118681
2002-09-07,-10.611483645381568,64.93421374325835,15.332846754215314,-23.054826993109465
2002-09-08,-9.440046133996564,63.82877715720392,14.80852982855896,-22.301913503154687
2002-09-09,-9.717195942000325,62.55648557343518,14.127729444114552,-22.64627185644677
2002-09-10,-10.15661527986284,63.083536056474216,14.277292399955584,-22.62045028690785
2002-09-11,-10.279416337935752,63.100165507908066,14.192750938503465,-22.73114514850841
2002-09-12,-9.936136367814953,62.7980535105625,15.097907511321619,-22.079776223198962
2002-09-13,-10.113468834622466,62.29463900393224,14.589954923558533,-21.112910794887853
2002-09-14,-8.041506798693463,62.96549682428532,14.375442733799837,-21.53204774755396
2002-09-15,-7.7151841980154545,61.943655996780215,13.989669585981462,-21.27456878180369
2002-09-16,-7.693381329506363,59.915555873740644,15.269907530429196,-22.85078025902964
2002-09-17,-8.229932775937959,60.14407898062612,15.839967701074595,-22.989875871947607
2002-09-18,-7.4915549231146015,58.91944195126898,14.427867413823602,-22.671824745796513
2002-09-19,-6.288746942658462,59.65835170630212,12.2124079017383,-21.36726335554258
2002-09-20,-6.238022980304923,60.621053341351406,13.317732611254867,-21.51505714197367
2002-09-21,-5.426042667499875,60.30984532462689,11.7572685440077,-21.19888646554119
2002-09-22,-5.800867280603889,61.97302518205269,10.83818131860683,-23.77176464006249
2002-09-23,-4.772580960408991,62.96227176941889,11.324555939285517,-22.923755222206
2002-09-24,-4.465015418226281,61.9381941902581,12.820166545742884,-22.72559298448741
2002-09-25,-5.2119081003061485,62.95238836027459,11.377139980717635,-23.675545848309262
2002-09-26,-5.1383805558973465,62.1606250831665,13.331816895171663,-25.144553351616263
